"Variable","GVIF","Df","GVIF^(1/(2*Df))","GVIF_Adjusted"
"road_type",1.3481401094012,4,1.03804666795443,1.03804666795443
"speed_limit",1.3481401094012,5,1.03032325682513,1.03032325682513
