"G_Square","DF","P_Value"
432.030585921064,9,1.98546723508342e-87
