"Method","Runtime_Seconds","Runtime_Minutes"
"Full-data RWMH",788.997907876968,13.1499651312828
"Full-data IMH",608.611902952194,10.1435317158699
"CMC-RWMH",86.1737790107727,1.43622965017955
"CMC-IMH",88.4301271438599,1.47383545239766
