"Method","Runtime_Seconds","Runtime_Minutes"
"Full-data RWMH",972.333480119705,16.2055580019951
"Full-data IMH",1016.01452207565,16.9335753679276
"CMC-RWMH",954.143633127213,15.9023938854535
"CMC-IMH",987.749217033386,16.4624869505564
