"Method","Runtime_Seconds","Runtime_Minutes"
"Full-data RWMH",1130.17709612846,18.8362849354744
"Full-data IMH",1250.25327706337,20.8375546177228
"CMC-RWMH",510.635626792908,8.51059377988179
"CMC-IMH",538.467876911163,8.97446461518606
