"Method","Runtime_Seconds","Runtime_Minutes"
"Full-data RWMH",1191.9679210186,19.8661320169767
"Full-data IMH",1147.10885095596,19.1184808492661
"CMC-RWMH",484.068650960922,8.0678108493487
"CMC-IMH",513.439033031464,8.55731721719106
